file,title,status,version
index.html,,beta,v0.0.17 Beta
services.html,,beta,v0.0.17 Beta
adoptions.html,,beta,v0.0.17 Beta
surrender.html,,beta,v0.0.17 Beta
rescues.html,,beta,v0.0.17 Beta
dog-cat-rehoming.html,,beta,v0.0.17 Beta
sponsorships.html,,beta,v0.0.17 Beta
education.html,,beta,v0.0.17 Beta
news.html,,beta,v0.0.17 Beta
contact.html,,beta,v0.0.17 Beta
policies.html,,beta,v0.0.17 Beta
donate.html,,beta,v0.0.17 Beta
portal.html,,beta,v0.0.17 Beta
search.html,,beta,v0.0.17 Beta
changelog.html,,beta,v0.0.17 Beta
404.html,,beta,v0.0.17 Beta
trial-adoptions.html,Trial Adoptions,beta,v0.0.17 Beta
foster-scheme.html,Foster Scheme,beta,v0.0.17 Beta

